{"Enero": 67375.44999999991, "Febrero": 69175.99999999987, "Marzo": 68798.5499999999, "Abril": 68736.79999999986, "Mayo": 69685.09999999989, "Junio": 67736.89999999992, "Julio": 70324.29999999987, "Agosto": 67111.84999999992, "Septiembre": 67592.9499999999, "Octubre": 70511.39999999986, "Noviembre": 70400.39999999988, "Diciembre": 60410.34999999992}